First Name: Una Last Name: Pechet Gender: Female Email: upechet0@kickstarter.com
First Name: Jamal Last Name: Geraghty Gender: Male Email: jgeraghty1@icq.com
First Name: Inness Last Name: MacDougall Gender: Male Email: imacdougall2@howstuffworks.com
First Name: Dannel Last Name: Jeanes Gender: Male Email: djeanes3@livejournal.com
First Name: Tedda Last Name: Wayt Gender: Female Email: twayt4@goodreads.com
First Name: Francisco Last Name: Gerg Gender: Male Email: fgerg5@marriott.com
First Name: Ceciley Last Name: Baddam Gender: Genderfluid Email: cbaddam6@marriott.com
First Name: Wit Last Name: Hardwell Gender: Male Email: whardwell7@yahoo.co.jp
First Name: Gabi Last Name: Cowburn Gender: Female Email: gcowburn8@seesaa.net
First Name: Eloisa Last Name: Rabat Gender: Female Email: erabat9@dedecms.com
First Name: Philis Last Name: Dehm Gender: Female Email: pdehma@weibo.com
First Name: Garvey Last Name: Greveson Gender: Male Email: ggrevesonb@skyrock.com
First Name: Pet Last Name: Grolmann Gender: Female Email: pgrolmannc@csmonitor.com
First Name: Early Last Name: Nevett Gender: Male Email: enevettd@ca.gov
First Name: Whittaker Last Name: Jewell Gender: Male Email: wjewelle@biblegateway.com
First Name: Kristel Last Name: Huggins Gender: Bigender Email: khugginsf@goo.gl
First Name: Trstram Last Name: Massinger Gender: Male Email: tmassingerg@techcrunch.com
First Name: Elfrieda Last Name: Glavin Gender: Female Email: eglavinh@github.com
First Name: Farly Last Name: Gomby Gender: Bigender Email: fgombyi@mail.ru
First Name: Merwyn Last Name: Sturridge Gender: Male Email: msturridgej@reddit.com
First Name: Melissa Last Name: Dallewater Gender: Female Email: mdallewaterk@fema.gov
First Name: Jonathan Last Name: Lightowlers Gender: Non-binary Email: jlightowlersl@ucsd.edu
First Name: Lynn Last Name: Cassley Gender: Female Email: lcassleym@independent.co.uk
First Name: Thaddeus Last Name: Bissill Gender: Male Email: tbissilln@gizmodo.com
First Name: Vannie Last Name: Hanton Gender: Female Email: vhantono@columbia.edu
